legacy_url,legacy_heading,m3_final_action,proposed_modern_url,m4_disposition,notes
"/index.aspx","Welcome to Communicare","Rewrite","/","replace","Home"
"/program_referrals.aspx","Program Referrals","Rewrite","/referrals/","replace","Get Help / Referrals"
"/involved.aspx","Get Involved","Rewrite","/get-involved/","conditional","Reserved pending current volunteer/donation content"
"/qualifications.aspx","Capability & Qualifications","Merge","/about/","merge","About"
"/programoverview.aspx","Program Overview","Merge","/programs-services/","merge","Programs & Services overview"
"/mission.aspx","Mission and Capabilities","Rewrite","/about/","merge","About"
"/what_do.aspx","What We Do","Merge","/programs-services/","merge","Programs & Services overview"
"/programs.aspx","What Our Programs Do","Rewrite","/programs-services/","replace","Programs & Services overview"
"/collaboration.aspx","Collaboration Partners","Rewrite","/about/partners/","conditional","Partners page only if current approved partner content exists"
"/jac.aspx","Juvenile Assessment Center","Rewrite","/programs-services/juvenile-assessment-center/","replace","Rewrite required"
"/fact.aspx","FACT","Rewrite","/programs-services/fact/","replace","Update required"
"/oc_basic.aspx","Basic Outpatient Counseling","Rewrite","/programs-services/basic-outpatient-counseling/","pending-m3","Do not publish until Sarah confirms"
"/oc_home.aspx","Home Based Outpatient Counseling","Remove","","retire","Sarah directed removal"
"/gangprev.aspx","CGPP","Remove","","retire","Sarah directed removal"
"/asap_adolescent.aspx","ASAP Adolescent","Rewrite","/programs-services/asap-adolescent/","pending-m3","Do not publish until Sarah confirms"
"/asap_adult.aspx","ASAP Adult","Rewrite","/programs-services/asap-adult/","pending-m3","Do not publish until Sarah confirms"
"/resources.aspx","Resources","Rewrite","/resources/","replace","Rebuild with current approved resources"
"/t_files.aspx","Training Files","Archive","","retire","Historical training files removed from launch scope"
"/f_links.aspx","Family Resources","Merge","/resources/","merge","Merge current approved family resources only"
"/board.aspx","Board","Remove","/about/","retire-to-parent","Board roster will not be published"
"/staff.aspx","Our Staff","Remove","/contact/","retire-to-contact","No individual staff directory; use stable role/service contacts"
"/contact.aspx","Contact","Rewrite","/contact/","replace","Use approved current contact details"
"/hipaa.aspx","HIPAA Compliance","Rewrite","/hipaa/","replace","Rewrite/update required"
"/terms.aspx","Terms of Use","Rewrite","/privacy/","replace","Rewrite/adapt privacy/terms"
"/sitemap.aspx","Sitemap","Remove","/sitemap.xml","replace-system","Generate technical sitemap; no hand-maintained content page"
"/asap_majors.aspx","ASAP Majors","Archive","","retire","Historical program page unless later re-approved"
"/asap_prev.aspx","ASAP Prevention","Remove","","retire","Substance abuse prevention content removed"
"/boc.aspx","Basic Outpatient Counseling","Archive","/programs-services/basic-outpatient-counseling/","pending-m3-duplicate","Older variant; pending confirmation of current Basic Outpatient service"
"/comment_form.aspx","Public Comments","Remove","","retire","Orphaned Public Health page"
"/donate.aspx","Donate Today","Rewrite","/get-involved/","conditional","Donation route pending approved provider/account"
"/faith_works.aspx","Faith Works","Archive","","retire","Historical program unless later re-approved"
"/guard.aspx","Neighborhood Guard","Archive","","retire","Historical program unless later re-approved"
"/hboc.aspx","HBOC","Remove","","retire","Home-Based Outpatient Counseling removed"
"/intervention.aspx","Intervention Programs","Archive","/programs-services/","retire-to-parent","Historical page; no independent launch route"
"/isn.aspx","Intensive Services Network","Rewrite","/programs-services/intensive-services-network/","replace","Rewrite required"
"/juv_center.aspx","Juvenile Assessment Center","Archive","/programs-services/juvenile-assessment-center/","merge","Older JAC variant"
"/juv_crime.aspx","Juvenile Crime Prevention","Remove","","retire","Old Juvenile Crime Prevention page removed; JCPC attribution handled on applicable current programs"
"/links.aspx","Key Sites / Links","Merge","/resources/","merge","Move only approved current links"
"/online_referral.aspx","Online Referral System","Remove","/referrals/","retire-to-referrals","Legacy sensitive form replaced by Laserfiche referral architecture"
"/overview.aspx","Company Overview","Merge","/about/","merge","Use only verified current content"
"/r_futures.aspx","Reclaiming Futures","Rewrite","/programs-services/reclaiming-futures/","replace","Rewrite required"
"/services.aspx","Clinical Services","Rewrite","/programs-services/","merge","Use only current verified services"
"/tmac.aspx","T-Mac & Youth Leadership","Remove","","retire","Sarah directed removal"
"/tmac__refresh.aspx","T-Mac & Youth Leadership","Remove","","retire","Historical TMAC copy; program removed"
"/training.aspx","Training & Technical","Archive","","retire","Historical training content removed"
"/treatment.aspx","Treatment Programs","Archive","/programs-services/","retire-to-parent","Historical services page; current treatment offerings handled in approved service pages"
"/fact__02-5-2015.aspx","FACT","Archive","/programs-services/fact/","merge","Historical FACT copy"
"/gangprev__08-24-2012.aspx","Cumberland Gang Prevention","Archive","","retire","Historical CGPP copy; program removed"
"/mission__01-20-2015.aspx","Mission and Capabilities","Archive","/about/","merge","Historical mission copy"
"/mission__1-20-2015.aspx","Mission and Capabilities","Archive","/about/","merge","Historical mission copy"
"/mission__7-19-2016.aspx","Mission and Capabilities","Archive","/about/","merge","Historical mission copy"
"/programs__08-24-2012.aspx","What Our Programs Do","Archive","/programs-services/","merge","Historical programs copy"
"/qualifications__08-24-2012.aspx","Capability & Qualifications","Archive","/about/","merge","Historical capabilities copy"
"/qualifications__7-19-2016.aspx","Capability & Qualifications","Archive","/about/","merge","Historical capabilities copy"
"/resources__08-24-2012.aspx","Resources","Archive","/resources/","merge","Historical resources copy"
