path,size_bytes,category,notes
"_BAK/board__1-20-2015.aspx",11566,"backup-or-dated-copy","Archive folder; Filename indicates dated/old copy"
"_BAK/collaboration__08-24-2012.aspx",9067,"backup-or-dated-copy","Archive folder; Filename indicates dated/old copy"
"_BAK/company_overview__03-08-2012.pdf",725014,"backup-or-dated-copy","Archive folder; Filename indicates dated/old copy"
"_BAK/contact__02-02-2015.aspx",9782,"backup-or-dated-copy","Archive folder; Filename indicates dated/old copy"
"_BAK/contact__02-02-2015.aspx.vb",2171,"backup-or-dated-copy","Archive folder; Filename indicates dated/old copy"
"_BAK/index__01-20-2015.aspx",8121,"backup-or-dated-copy","Archive folder; Filename indicates dated/old copy"
"_BAK/index__07-19-2016.aspx",8456,"backup-or-dated-copy","Archive folder; Filename indicates dated/old copy"
"_BAK/index__08-22-2016.aspx",9427,"backup-or-dated-copy","Archive folder; Filename indicates dated/old copy"
"_BAK/index__1-21-2015.aspx",8498,"backup-or-dated-copy","Archive folder; Filename indicates dated/old copy"
"_BAK/involved__08-24-2012.aspx",8929,"backup-or-dated-copy","Archive folder; Filename indicates dated/old copy"
"_BAK/what_do__08-24-2012.aspx",10076,"backup-or-dated-copy","Archive folder; Filename indicates dated/old copy"
"_BAK/what_do__7-19-2016.aspx",10966,"backup-or-dated-copy","Archive folder; Filename indicates dated/old copy"
"asap_adolescent.aspx",12148,"legacy-page",""
"asap_adult.aspx",8903,"legacy-page",""
"asap_majors.aspx",12010,"legacy-page",""
"asap_prev.aspx",10408,"legacy-page",""
"Bin/Recaptcha.dll",20480,"legacy-server-or-config",""
"Bin/Recaptcha.dll.refresh",160,"legacy-server-or-config",""
"Bin/Recaptcha.pdb",44544,"legacy-server-or-config",""
"board.aspx",10979,"legacy-page",""
"boc.aspx",11639,"legacy-page",""
"collaboration.aspx",8541,"legacy-page",""
"comment_form.aspx",2050,"legacy-page","Legacy public-comment code; appears unrelated to active CommuniCare navigation"
"comment_form.aspx.vb",2192,"legacy-server-or-config","Legacy public-comment code; appears unrelated to active CommuniCare navigation"
"CommuniCare, Collaboration, and You (no SFP)-2.pdf",725014,"document",""
"company_overview.pdf",162414,"document",""
"Connecting with Challenging Families (NCJSA).pps",648704,"document",""
"contact.aspx",8365,"legacy-page",""
"contact.aspx.vb",2345,"legacy-server-or-config",""
"contemporary_look.pdf",592737,"document",""
"donate.aspx",6600,"legacy-page",""
"effective_supervision.pdf",722002,"document",""
"f_links.aspx",8562,"legacy-page",""
"fact__02-5-2015.aspx",10671,"backup-or-dated-copy","Filename indicates dated/old copy"
"fact.aspx",10438,"legacy-page",""
"faith_works.aspx",6587,"legacy-page",""
"family_handbook.pdf",799598,"document",""
"Fees_2007.pdf",5665,"document","Filename indicates 2007 content; review before migration"
"gangprev__08-24-2012.aspx",7604,"backup-or-dated-copy","Filename indicates dated/old copy"
"gangprev.aspx",10569,"legacy-page",""
"guard.aspx",9220,"legacy-page",""
"hboc.aspx",10552,"legacy-page",""
"hipaa.aspx",21864,"legacy-page",""
"images/arclogo.jpg",24804,"image",""
"images/dd_bg.gif",577,"image",""
"images/footer1.jpg",22789,"image",""
"images/footer2.jpg",29614,"image",""
"images/footer3.jpg",23094,"image",""
"images/footer4.jpg",22975,"image",""
"images/guardian_program.gif",13498,"image",""
"images/guardian_program.jpg",48895,"image",""
"images/isn_th.jpg",74924,"image",""
"images/isn.jpg",466029,"image",""
"images/mainlogo.jpg",56082,"image",""
"images/more.gif",490,"image",""
"images/nav_board.jpg",24993,"image",""
"images/nav_contact.jpg",25460,"image",""
"images/nav_home.jpg",24575,"image",""
"images/nav_overview.jpg",25934,"image",""
"images/nav_programs.jpg",25872,"image",""
"images/nav_resources.jpg",26181,"image",""
"images/r_future.gif",12587,"image",""
"images/r_future.jpg",57612,"image",""
"images/row1a.jpg",32197,"image",""
"images/row1b.jpg",28058,"image",""
"images/row1c.jpg",23535,"image",""
"images/row2.jpg",27531,"image",""
"images/row3.jpg",338005,"image",""
"images/row3a.jpg",209090,"image",""
"images/row3a1.jpg",187689,"image",""
"images/row3a2.jpg",172990,"image",""
"images/row3a3.jpg",256033,"image",""
"images/row3a4.jpg",220875,"image",""
"images/row3b.jpg",125057,"image",""
"images/row3b1.jpg",110875,"image",""
"images/row3b2.jpg",108619,"image",""
"images/row3b3.jpg",119572,"image",""
"images/row3b4.jpg",108778,"image",""
"images/row4a.jpg",22081,"image",""
"images/row4b.jpg",24369,"image",""
"images/row5.jpg",62548,"image",""
"images/row6.jpg",30735,"image",""
"images/s_abuse_prev.jpg",38720,"image",""
"images/samhsa.jpg",56219,"image",""
"images/uw_logo.jpg",41723,"image",""
"images/web.config",162,"legacy-server-or-config",""
"images/wwd_1.jpg",68689,"image",""
"index-old.html",914,"backup-or-dated-copy","Filename indicates dated/old copy"
"index.aspx",10301,"legacy-page",""
"Intensive Services Network Graphic Depiction.pdf",56482,"document",""
"intervention.aspx",10396,"legacy-page",""
"involved.aspx",8629,"legacy-page",""
"isn.aspx",6939,"legacy-page",""
"isn.pdf",56482,"document",""
"jac.aspx",10398,"legacy-page",""
"juv_center.aspx",6656,"legacy-page",""
"juv_crime.aspx",6676,"legacy-page",""
"links.aspx",12191,"legacy-page",""
"mission__01-20-2015.aspx",9134,"backup-or-dated-copy","Filename indicates dated/old copy"
"mission__1-20-2015.aspx",11428,"backup-or-dated-copy","Filename indicates dated/old copy"
"mission__7-19-2016.aspx",11409,"backup-or-dated-copy","Filename indicates dated/old copy"
"mission.aspx",11365,"legacy-page",""
"oc_basic.aspx",11582,"legacy-page",""
"oc_home.aspx",10333,"legacy-page",""
"online_referral.aspx",27922,"legacy-page","Legacy referral page; requires separate review and is not part of static base architecture"
"overview.aspx",6606,"legacy-page",""
"Person Centered Planning(for SOC conference) --.pps",109568,"document",""
"prevent_drug_use.pdf",724644,"document",""
"problem_statement.pdf",192658,"document",""
"program_referrals.aspx",7158,"legacy-page",""
"programoverview.aspx",9277,"legacy-page",""
"programs__08-24-2012.aspx",11879,"backup-or-dated-copy","Filename indicates dated/old copy"
"programs.aspx",10582,"legacy-page",""
"qualifications__08-24-2012.aspx",9078,"backup-or-dated-copy","Filename indicates dated/old copy"
"qualifications__7-19-2016.aspx",10581,"backup-or-dated-copy","Filename indicates dated/old copy"
"qualifications.aspx",8816,"legacy-page",""
"r_futures.aspx",9247,"legacy-page",""
"README.md",26,"documentation",""
"resources__08-24-2012.aspx",8585,"backup-or-dated-copy","Filename indicates dated/old copy"
"resources.aspx",14098,"legacy-page",""
"services.aspx",6620,"legacy-page",""
"sitemap.aspx",8328,"legacy-page",""
"staff.aspx",13859,"legacy-page",""
"style/comm-jcpc.css",4587,"stylesheet",""
"style/comm.css",4700,"stylesheet",""
"style/labels.css",811,"stylesheet",""
"supervisor_leader.pdf",801906,"document",""
"System of Care Training for Area Professionals.pps",1009664,"document",""
"t_files.aspx",11000,"legacy-page",""
"terms.aspx",7274,"legacy-page",""
"tmac__refresh.aspx",7116,"backup-or-dated-copy","Filename indicates dated/old copy"
"tmac.aspx",8025,"legacy-page",""
"training.aspx",6665,"legacy-page",""
"treatment.aspx",10529,"legacy-page",""
"usercontrols/announcement__1-20-2015.ascx",313,"backup-or-dated-copy","Filename indicates dated/old copy"
"usercontrols/announcement__1-20-2015.ascx.vb",576,"backup-or-dated-copy","Filename indicates dated/old copy"
"usercontrols/announcement.ascx",537,"legacy-server-or-config",""
"usercontrols/announcement.ascx.vb",576,"legacy-server-or-config",""
"usercontrols/announcement.php",179,"other-code",""
"usercontrols/CommentForm.ascx",4992,"legacy-server-or-config",""
"usercontrols/CommentForm.ascx.vb",10983,"legacy-server-or-config",""
"web.config",7689,"legacy-server-or-config",""
"what_do.aspx",11281,"legacy-page",""
