legacy_page,legacy_heading,recommended_action,recommended_destination,rationale,final_action,communicare_notes
"index.aspx","Welcome to Communicare","Rewrite","Home","Keep purpose, rewrite copy for current services, plain language, accessibility, and current facts.","",""
"program_referrals.aspx","Program Referrals","Rewrite","Get Help / Referrals","Old referral endpoints are obsolete or missing. Publish only current approved referral instructions/links.","",""
"involved.aspx","Get Involved","Rewrite","Get Involved","Keep donation/volunteer concept if still offered. Refresh nonprofit/donation details and remove stale contact/fax/postal information unless reconfirmed.","",""
"qualifications.aspx","Capability & Qualifications","Merge","About / Capabilities","Much overlaps mission, program overview, and services. Consolidate into a shorter current About/Capabilities page.","",""
"programoverview.aspx","Program Overview","Merge","Programs","Overlaps programs.aspx and what_do.aspx. Consolidate into a single program overview and detail pages.","",""
"mission.aspx","Mission and Capabilities","Rewrite","About / Mission","Keep mission/vision concept, but verify all claims, service descriptions, credentials, and current terminology.","",""
"what_do.aspx","What We Do","Merge","Programs","Overlaps programs.aspx. Use as source material, not a separate page unless CommuniCare requests it.","",""
"programs.aspx","What Our Programs Do","Rewrite","Programs","Primary program overview. Verify every listed program is still active before migration.","",""
"collaboration.aspx","Collaboration Partners","Rewrite","About / Partners","Keep only current partners and current descriptions.","",""
"jac.aspx","Juvenile Assessment Center","Rewrite","Program detail","Potential launch program page. Verify current program name, age range, referral process, staff contacts, goals, and funding language.","",""
"fact.aspx","FACT","Rewrite","Program detail","Potential launch program page. Verify current scope, court relationships, age range, terminology, and referral process.","",""
"oc_basic.aspx","Basic Outpatient Counseling","Rewrite","Service detail","Verify current clinical services, treatment models, eligibility, duration, and terminology before publication.","",""
"oc_home.aspx","Home Based Outpatient Counseling","Rewrite","Service detail","Verify service is current and refresh eligibility/referral/clinical terminology.","",""
"gangprev.aspx","CGPP","Rewrite","Program detail","Verify program still exists, current name, referral process, eligibility, and service model.","",""
"asap_adolescent.aspx","ASAP Adolescent","Rewrite","Service detail","Verify program status, payer/credentialing claims, treatment models, court relationships, and current terminology.","",""
"asap_adult.aspx","ASAP Adult","Rewrite","Service detail","Verify service status, treatment models, schedules, forensic evaluation language, and current offerings.","",""
"resources.aspx","Resources","Rewrite","Resources","Most links are historical. Rebuild from a short approved list of current resources.","",""
"t_files.aspx","Training Files","Archive","Archive / optional resources","Training materials appear largely 2008-era. Do not publish by default. Re-add only if Sarah confirms continuing public value.","",""
"f_links.aspx","Family Resources","Merge","Resources","Merge only current approved family-resource links into the rebuilt Resources page.","",""
"board.aspx","Board","Rewrite","About / Board","Current file contains old board names and a 2009 schedule. Replace with a current approved board list, or omit names if CommuniCare prefers.","",""
"staff.aspx","Our Staff","Remove","About / Staff","Current roster is clearly stale. Do not publish at launch unless Sarah supplies and approves a current staff list.","",""
"contact.aspx","Contact","Rewrite","Contact","Use approved current address, phone, email, map, Facebook, and LinkedIn. No contact form in initial release.","",""
"hipaa.aspx","HIPAA Compliance","Rewrite","Privacy / HIPAA","Retain only after current legal/privacy content review. Do not assume legacy notice is current.","",""
"terms.aspx","Terms of Use","Rewrite","Terms / Privacy","Rewrite for a static site and GA4. Remove statements that inaccurately describe current data collection.","",""
"sitemap.aspx","Sitemap","Remove","Generated sitemap","Do not migrate as a hand-maintained content page. Generate sitemap.xml from Astro; optional human-readable site map can be added later if useful.","",""
"asap_majors.aspx","ASAP Majors","Archive","Historical program","Older-navigation page. Publish only if Sarah confirms the program is current.","",""
"asap_prev.aspx","ASAP Prevention","Archive","Historical program","Older-navigation page with obsolete links/files. Publish only if Sarah confirms current need.","",""
"boc.aspx","Basic Outpatient Counseling","Archive","Duplicate/historical","Likely older duplicate of oc_basic.aspx.","",""
"comment_form.aspx","Public Comments","Remove","None","Orphaned Cumberland County Public Health Web Forms/Telerik page. Not part of modern CommuniCare site.","",""
"donate.aspx","Donate Today","Rewrite","Get Involved / Donate","Use only if CommuniCare still accepts public donations and supplies a current approved donation destination.","",""
"faith_works.aspx","Faith Works","Archive","Historical program","Older-navigation program. Publish only if Sarah confirms current status.","",""
"guard.aspx","Neighborhood Guard","Archive","Historical program","Older legacy program. Publish only if Sarah confirms current status.","",""
"hboc.aspx","HBOC","Archive","Duplicate/historical","Likely older duplicate/source for home-based outpatient counseling.","",""
"intervention.aspx","Intervention Programs","Archive","Historical program","Older-navigation page with obsolete external/file links. Use only if program is current.","",""
"isn.aspx","Intensive Services Network","Archive","Historical program","Older-navigation program. Publish only if still active.","",""
"juv_center.aspx","Juvenile Assessment Center","Archive","Duplicate/historical","Likely older duplicate of jac.aspx.","",""
"juv_crime.aspx","Juvenile Crime Prevention","Archive","Historical program","Older-navigation page. Publish only if current.","",""
"links.aspx","Key Sites / Links","Merge","Resources","Do not recreate a giant link page. Move only current approved links into Resources.","",""
"online_referral.aspx","Online Referral System","Remove","None","Legacy sensitive FrontPage form. Must not be recreated in GitHub Pages.","",""
"overview.aspx","Company Overview","Merge","About","Use current approved information in About rather than retaining a separate legacy overview page.","",""
"r_futures.aspx","Reclaiming Futures","Archive","Historical program","Older-navigation program with historical email/link. Publish only if still active.","",""
"services.aspx","Clinical Services","Rewrite","Services","Potential useful top-level services page if current offerings are confirmed.","",""
"tmac.aspx","T-Mac & Youth Leadership","Archive","Historical program","Older-navigation page. Publish only if program still operates.","",""
"tmac__refresh.aspx","T-Mac & Youth Leadership","Archive","Historical copy","Refresh copy. Do not migrate separately.","",""
"training.aspx","Training & Technical","Archive","Historical services","Not current navigation. Publish only if CommuniCare still offers these services.","",""
"treatment.aspx","Treatment Programs","Archive","Historical services","Not current navigation. Contains old documents/contacts. Use only if Sarah confirms current offerings.","",""
"fact__02-5-2015.aspx","FACT","Archive","Historical copy","Dated copy. Do not migrate separately.","",""
"gangprev__08-24-2012.aspx","Cumberland Gang Prevention","Archive","Historical copy","Dated copy and old online-referral link.","",""
"mission__01-20-2015.aspx","Mission and Capabilities","Archive","Historical copy","Dated copy. Use only for comparison.","",""
"mission__1-20-2015.aspx","Mission and Capabilities","Archive","Historical copy","Dated copy. Use only for comparison.","",""
"mission__7-19-2016.aspx","Mission and Capabilities","Archive","Historical copy","Dated copy. Use only for comparison.","",""
"programs__08-24-2012.aspx","What Our Programs Do","Archive","Historical copy","Dated copy. Do not migrate separately.","",""
"qualifications__08-24-2012.aspx","Capability & Qualifications","Archive","Historical copy","Dated copy. Do not migrate separately.","",""
"qualifications__7-19-2016.aspx","Capability & Qualifications","Archive","Historical copy","Dated copy. Do not migrate separately.","",""
"resources__08-24-2012.aspx","Resources","Archive","Historical copy","Dated copy. Do not migrate separately.","",""
