legacy_path,heading,navigation_status,dynamic_or_link_notes,preliminary_m3_action
"asap_adolescent.aspx","ASAP Adolescent","current-nav","announcement only","Review"
"asap_adult.aspx","ASAP Adult","current-nav","announcement only","Review"
"asap_majors.aspx","ASAP Majors","older-nav","announcement only","Review"
"asap_prev.aspx","ASAP Prevention","older-nav","announcement only","Review"
"board.aspx","Board","current-nav","announcement only","Review"
"boc.aspx","Basic Outpatient Counseling","older-nav","announcement only","Review possible duplicate"
"collaboration.aspx","Collaboration Partners","current-nav","announcement only","Review"
"comment_form.aspx","Public Comments","orphaned","ASP.NET/Telerik/reCAPTCHA; Public Health content","Archive/Remove candidate"
"contact.aspx","Contact","current-nav","legacy form code commented out; visible page static","Review"
"donate.aspx","Donate Today","not-current-nav","announcement only","Review"
"f_links.aspx","Family Resources","current-nav","many external links","Review"
"fact.aspx","FACT","current-nav","announcement only","Review"
"fact__02-5-2015.aspx","FACT","dated-copy","announcement only","Archive reference"
"faith_works.aspx","Faith Works","older-nav","announcement only","Review"
"gangprev.aspx","CGPP","current-nav","announcement only","Review"
"gangprev__08-24-2012.aspx","Cumberland Gang Prevention","dated-copy","links legacy online referral","Archive reference"
"guard.aspx","Neighborhood Guard","older-nav","announcement only","Review"
"hboc.aspx","HBOC","older-nav","announcement only","Review possible duplicate"
"hipaa.aspx","HIPAA Compliance","current-nav","announcement only","Legal/content review"
"index.aspx","Welcome to Communicare","current-nav","announcement only","Review"
"intervention.aspx","Intervention Programs","older-nav","old external/file links","Review"
"involved.aspx","Get Involved","current-nav","external donation link","Review"
"isn.aspx","Intensive Services Network","older-nav","announcement only","Review"
"jac.aspx","Juvenile Assessment Center","current-nav","announcement only","Review"
"juv_center.aspx","Juvenile Assessment Center","older-nav","announcement only","Review possible duplicate"
"juv_crime.aspx","Juvenile Crime Prevention","older-nav","announcement only","Review"
"links.aspx","Key Sites / Links","older-nav","many historical external links","Review/Merge"
"mission.aspx","Mission and Capabilities","current-nav","announcement only","Review"
"mission__01-20-2015.aspx","Mission and Capabilities","dated-copy","announcement only","Archive reference"
"mission__1-20-2015.aspx","Mission and Capabilities","dated-copy","announcement only","Archive reference"
"mission__7-19-2016.aspx","Mission and Capabilities","dated-copy","announcement only","Archive reference"
"oc_basic.aspx","Basic Outpatient Counseling","current-nav","announcement only","Review"
"oc_home.aspx","Home Based Outpatient Counseling","current-nav","announcement only","Review"
"online_referral.aspx","Online Referral System","orphaned-sensitive","FrontPage _vti_bin form handler","Do not migrate to static site"
"overview.aspx","Company Overview","older-nav","announcement only","Review possible merge"
"program_referrals.aspx","Program Referrals","current-nav","old external referral endpoints","Review/replace links"
"programoverview.aspx","Program Overview","current-nav","announcement only","Review"
"programs.aspx","What Our Programs Do","current-nav","announcement only","Review"
"programs__08-24-2012.aspx","What Our Programs Do","dated-copy","historical links","Archive reference"
"qualifications.aspx","Capability & Qualifications","current-nav","announcement only","Review"
"qualifications__08-24-2012.aspx","Capability & Qualifications","dated-copy","historical link","Archive reference"
"qualifications__7-19-2016.aspx","Capability & Qualifications","dated-copy","announcement only","Archive reference"
"r_futures.aspx","Reclaiming Futures","older-nav","old email/external link","Review"
"resources.aspx","Resources","current-nav","many historical external links","Review"
"resources__08-24-2012.aspx","Resources","dated-copy","historical external links","Archive reference"
"services.aspx","Clinical Services","not-current-nav","announcement only","Review"
"sitemap.aspx","Sitemap","current-nav","legacy sitemap","Rebuild from new IA"
"staff.aspx","Our Staff","current-nav","announcement only","Review"
"t_files.aspx","Training Files","current-nav","many missing/legacy files","Review"
"terms.aspx","Terms of Use","current-nav","announcement only","Legal/content review"
"tmac.aspx","T-Mac & Youth Leadership","older-nav","links problem_statement.pdf","Review"
"tmac__refresh.aspx","T-Mac & Youth Leadership","refresh-copy","announcement only","Archive reference"
"training.aspx","Training & Technical","not-current-nav","announcement only","Review"
"treatment.aspx","Treatment Programs","not-current-nav","old docs/email/external links","Review"
"what_do.aspx","What We Do","current-nav","announcement only","Review"
